FirstName,MiddleName,LastName,DisplayName,Title,Company,Dept,Mobile,TelephoneNumber,Email
Fred,T,Flint,Fred Flint,Dino Operator,Slate,Ops,2332,3424,flint@thecompanyc.com
Barney,d,Rub,Barney Rub,Boss,Slate,Ops,3242143,324234423,brum@thecompanyc.com
Dino,d,Flint,Dino Flint,Dog,Slate,Sales,523415,234324,dino@thecompanyc.com
Wilma,g,Rub,Wilma Rub,Supervisor,Slate,Marketing,234523,2342,wilma@thecompanyc.com
Betty,g,Flint,Betty Flint,Supervisor,Slate,Marketing,253,234423,betty@thecompanyc.com
Ty,,Ayelloribbin,Ty Ayelloribbin,,Slate,,,,TyAyelloribbin@thecompanyc.com
Hugo,,First,Hugo First,,Slate,,,,HugoFirst@thecompanyc.com
Percy,,Vere,Percy Vere,,Slate,,,,PercyVere@thecompanyc.com
Jack,,Aranda,Jack Aranda,,Slate,,,,JackAranda@thecompanyc.com
Olive,,Tree,Olive Tree,,Slate,,,,OliveTree@thecompanyc.com
Fran,,G.,Fran G.,Pani,Slate,,,,FranG.@thecompanyc.com
John,,Quil,John Quil,,Slate,,,,JohnQuil@thecompanyc.com
Ev,,R.,Ev R.,Lasting,Slate,,,,EvR.@thecompanyc.com
Anne,,Thurium,Anne Thurium,,Slate,,,,AnneThurium@thecompanyc.com
Cherry,,Blossom,Cherry Blossom,,Slate,,,,CherryBlossom@thecompanyc.com
Glad,,I.,Glad I.,Oli,Slate,,,,GladI.@thecompanyc.com
Ginger,,Plant,Ginger Plant,,Slate,,,,GingerPlant@thecompanyc.com
Del,,Phineum,Del Phineum,,Slate,,,,DelPhineum@thecompanyc.com
Rose,,Bush,Rose Bush,,Slate,,,,RoseBush@thecompanyc.com
Perry,,Scope,Perry Scope,,Slate,,,,PerryScope@thecompanyc.com
Frank,,N.,Frank N.,Stein,Slate,,,,FrankN.@thecompanyc.com
Roy,,L.,Roy L.,Commishun,Slate,,,,RoyL.@thecompanyc.com
Pat,,Thettick,Pat Thettick,,Slate,,,,PatThettick@thecompanyc.com
Percy,,Kewshun,Percy Kewshun,,Slate,,,,PercyKewshun@thecompanyc.com
Rod,,Knee,Rod Knee,,Slate,,,,RodKnee@thecompanyc.com
Hank,,R.,Hank R.,Cheef,Slate,,,,HankR.@thecompanyc.com
Bridget,,Theriveaquai,Bridget Theriveaquai,,Slate,,,,BridgetTheriveaquai@thecompanyc.com
Pat,,N.,Pat N.,Toffis,Slate,,,,PatN.@thecompanyc.com
Karen,,Onnabit,Karen Onnabit,,Slate,,,,KarenOnnabit@thecompanyc.com
Col,,Fays,Col Fays,,Slate,,,,ColFays@thecompanyc.com
Fay,,Daway,Fay Daway,,Slate,,,,FayDaway@thecompanyc.com
Joe,,V.,Joe V.,Awl,Slate,,,,JoeV.@thecompanyc.com
Wes,,Yabinlatelee,Wes Yabinlatelee,,Slate,,,,WesYabinlatelee@thecompanyc.com
Colin,,Sik,Colin Sik,,Slate,,,,ColinSik@thecompanyc.com
Greg,,Arias,Greg Arias,,Slate,,,,GregArias@thecompanyc.com
Toi,,Story,Toi Story,,Slate,,,,ToiStory@thecompanyc.com
Gene,,Eva,Gene Eva,Convenshun,Slate,,,,GeneEva@thecompanyc.com
Jen,,Tile,Jen Tile,,Slate,,,,JenTile@thecompanyc.com
Simon,,Sais,Simon Sais,,Slate,,,,SimonSais@thecompanyc.com
Peter,,Owt,Peter Owt,,Slate,,,,PeterOwt@thecompanyc.com
Hugh,,N.,Hugh N.,Cry,Slate,,,,HughN.@thecompanyc.com
Lee,,Nonmi,Lee Nonmi,,Slate,,,,LeeNonmi@thecompanyc.com
Lynne,,Gwafranca,Lynne Gwafranca,,Slate,,,,LynneGwafranca@thecompanyc.com
Art,,Decco,Art Decco,,Slate,,,,ArtDecco@thecompanyc.com
Lynne,,Gwistic,Lynne Gwistic,,Slate,,,,LynneGwistic@thecompanyc.com
Polly,,Ester,Polly Ester,Undawair,Slate,,,,PollyEster@thecompanyc.com
Oscar,,Nommanee,Oscar Nommanee,,Slate,,,,OscarNommanee@thecompanyc.com
Laura,,Biding,Laura Biding,,Slate,,,,LauraBiding@thecompanyc.com
Laura,,Norda,Laura Norda,,Slate,,,,LauraNorda@thecompanyc.com
Des,,Ignayshun,Des Ignayshun,,Slate,,,,DesIgnayshun@thecompanyc.com
Mike,,Rowe-Soft,Mike Rowe-Soft,,Slate,,,,MikeRowe-Soft@thecompanyc.com
Anne,,T.,Anne T.,Kwayted,Slate,,,,AnneT.@thecompanyc.com
Wayde,,N.,Wayde N.,Thabalanz,Slate,,,,WaydeN.@thecompanyc.com
Dee,,Mandingboss,Dee Mandingboss,,Slate,,,,DeeMandingboss@thecompanyc.com
Sly,,Meedentalfloss,Sly Meedentalfloss,,Slate,,,,SlyMeedentalfloss@thecompanyc.com
Stanley,,Knife,Stanley Knife,,Slate,,,,StanleyKnife@thecompanyc.com
Wynn,,Dozeaplikayshun,Wynn Dozeaplikayshun,,Slate,,,,WynnDozeaplikayshun@thecompanyc.com
Mal,,Ajusted,Mal Ajusted,,Slate,,,,MalAjusted@thecompanyc.com
Penny,,Black,Penny Black,,Slate,,,,PennyBlack@thecompanyc.com
Mal,,Nurrisht,Mal Nurrisht,,Slate,,,,MalNurrisht@thecompanyc.com
Polly,,Pipe,Polly Pipe,,Slate,,,,PollyPipe@thecompanyc.com
Polly,,Wannakrakouer,Polly Wannakrakouer,,Slate,,,,PollyWannakrakouer@thecompanyc.com
Con,,Staninterupshuns,Con Staninterupshuns,,Slate,,,,ConStaninterupshuns@thecompanyc.com
Fran,,Tick,Fran Tick,,Slate,,,,FranTick@thecompanyc.com
Santi,,Argo,Santi Argo,,Slate,,,,SantiArgo@thecompanyc.com
Carmen,,Goh,Carmen Goh,,Slate,,,,CarmenGoh@thecompanyc.com
Carmen,,Sayid,Carmen Sayid,,Slate,,,,CarmenSayid@thecompanyc.com
Norma,,Stitts,Norma Stitts,,Slate,,,,NormaStitts@thecompanyc.com
Ester,,La,Ester La,Vista,Slate,,,,EsterLa@thecompanyc.com
Manuel,,Labor,Manuel Labor,,Slate,,,,ManuelLabor@thecompanyc.com
Ivan,,Itchinos,Ivan Itchinos,,Slate,,,,IvanItchinos@thecompanyc.com
Ivan,,Notheridiya,Ivan Notheridiya,,Slate,,,,IvanNotheridiya@thecompanyc.com
Mustafa,,Leek,Mustafa Leek,,Slate,,,,MustafaLeek@thecompanyc.com
Emma,,Grate,Emma Grate,,Slate,,,,EmmaGrate@thecompanyc.com
Annie,,Versaree,Annie Versaree,,Slate,,,,AnnieVersaree@thecompanyc.com
Tim,,Midsaylesman,Tim Midsaylesman,,Slate,,,,TimMidsaylesman@thecompanyc.com
Mary,,Krismass,Mary Krismass,,Slate,,,,MaryKrismass@thecompanyc.com
Tim,,Buck,Tim Buck,Too,Slate,,,,TimBuck@thecompanyc.com
Lana,,Lynne,Lana Lynne,Creem,Slate,,,,LanaLynne@thecompanyc.com
Wiley,,Waites,Wiley Waites,,Slate,,,,WileyWaites@thecompanyc.com
Ty,,R.,Ty R.,Leeva,Slate,,,,TyR.@thecompanyc.com
Ed,,U.,Ed U.,Cayshun,Slate,,,,EdU.@thecompanyc.com
Anne,,T.,Anne T.,Dote,Slate,,,,AnneT.@thecompanyc.com
Claude,,Strophobia,Claude Strophobia,,Slate,,,,ClaudeStrophobia@thecompanyc.com
Anne,,Gloindian,Anne Gloindian,,Slate,,,,AnneGloindian@thecompanyc.com
Dulcie,,Veeta,Dulcie Veeta,,Slate,,,,DulcieVeeta@thecompanyc.com
Abby,,Normal,Abby Normal,,Slate,,,,AbbyNormal@thecompanyc.com
Oscar,,Adams,Oscar Adams,,,,,,OscarAdams@thecompanyc.com
Laura,,Baker,Laura Baker,,,,,,LauraBaker@thecompanyc.com
Laura,,Clark,Laura Clark,,,,,,LauraClark@thecompanyc.com
Des,,Davis,Des Davis,,,,,,DesDavis@thecompanyc.com
Mike,,Evans,Mike Evans,,,,,,MikeEvans@thecompanyc.com
Anne,,Frank,Anne Frank,,,,,,AnneFrank@thecompanyc.com
Wayde,,Ghosh,Wayde Ghosh,,,,,,WaydeGhosh@thecompanyc.com
Dee,,Hills,Dee Hills,,,,,,DeeHills@thecompanyc.com
Sly,,Irwin,Sly Irwin,,,,,,SlyIrwin@thecompanyc.com
Stanley,,Jones,Stanley Jones,,,,,,StanleyJones@thecompanyc.com
Wynn,,Klein,Wynn Klein,,,,,,WynnKlein@thecompanyc.com
Mal,,Lopez,Mal Lopez,,,,,,MalLopez@thecompanyc.com
Bob,,doez,Bob doez,,,,,,bdoez@thecompanyc.com
